run_name,n_params,best_val_acc,val_acc,val_macro_f1,test_acc,test_macro_f1
cnn_5class_weighted_1772453499,23845,0.8910191788887366,0.8910191788887366,0.6735654187029281,0.7485795454545454,0.6365433533192741
