run_name,val_acc,val_macro_f1,test_acc,test_macro_f1
cnn_5class_E1_downsample_1772911102,0.7536565818473252,0.5871054588765767,0.6905930470347649,0.6858327470447361
