run_name,n_params,best_val_acc,val_acc,val_macro_f1,test_acc,test_macro_f1
cnn_4class_baseline_1772452765,23780,0.8479859336562778,0.8479859336562778,0.8443385102824946,0.8390347636662997,0.8344727371258059
