run_name,n_params,best_val_acc,val_acc,val_macro_f1,test_acc,test_macro_f1,gpu_latency_ms,cpu_latency_ms
cnn_4class_baseline_1772452765,23780.0,0.8479859336562778,0.8479859336562778,0.8443385102824946,0.8390347636662997,0.8344727371258059,,
cnn_5class_E2_downsample_aug_1772914070,,0.8540372670807453,0.8540372670807453,0.6563901465143859,0.7838445807770961,0.706706365716285,,
cnn_5class_E1_downsample_1772911102,,,0.7536565818473252,0.5871054588765767,0.6905930470347649,0.6858327470447361,,
cnn_5class_weighted_1772453499,23845.0,0.8910191788887366,0.8910191788887366,0.6735654187029281,0.7485795454545454,0.6365433533192741,,
raw_waveform_conv1d_1772920921,9621.0,0.8762772991384492,0.8762772991384492,0.4973883875846776,0.7092024539877301,0.4519248372959945,0.6292043099983857,0.8361432849960693
