run_name,n_params,best_val_acc,best_epoch,val_acc,val_macro_f1,test_acc,test_macro_f1,gpu_latency_ms,cpu_latency_ms
raw_waveform_conv1d_1772920921,9621,0.8762772991384492,9,0.8762772991384492,0.4973883875846776,0.7092024539877301,0.4519248372959945,0.6292043099983857,0.8361432849960693
